SPOOL scriptssaisie.log

PROMPT >> INSERTION DES DONNEES

INSERT INTO REGION
VALUES ('AUVERGNE-RHONE-ALPES', 'LYON', 'LAURENT WAUQUIEZ', 20)	;

INSERT INTO REGION
VALUES ('BRETAGNE', 'RENNES', 'MARIE-GUITE DUFAY', 10)			;

INSERT INTO REGION
VALUES ('CENTRE-VAL DE LOIRE', 'ORLEANS', 'FRANCOIS BONNEAU', 15);

INSERT INTO REGION
VALUES ('CORSE', 'AJACCIO', 'GILLES SIMEONI', 5)				;

INSERT INTO REGION
VALUES ('GRAND EST', 'STRASBOURG', 'JEAN ROTTNER', 17)			;

INSERT INTO REGION
VALUES ('HAUTS-DE-FRANCE', 'LILLE', 'XAVIER BERTRANT', 18)		;

INSERT INTO REGION
VALUES ('ILE DE FRANCE', 'PARIS', 'VALERIE PECRESSE', 50)		;

INSERT INTO REGION
VALUES ('NORMANDIE', 'ROUEN', 'HERVE MORIN', 30)				;

INSERT INTO REGION
VALUES ('OCCITAINE', 'TOULOUSE', 'CAROLE DELGA', 43)			;

INSERT INTO REGION
VALUES ('PAYS DE LA LOIRE', 'NANTES', 'CHRISTELLE MORANCAIS', 32);


INSERT INTO DEPARTEMENT
VALUES ('77','SEINE ET MARNE', 'ILE DE FRANCE')		;

INSERT INTO DEPARTEMENT
VALUES ('93','SEINE SAINT DENIS', 'ILE DE FRANCE')	;

INSERT INTO DEPARTEMENT
VALUES ('75','PARIS', 'ILE DE FRANCE')				;

INSERT INTO DEPARTEMENT
VALUES ('91','ESSONNE', 'ILE DE FRANCE')			;

INSERT INTO DEPARTEMENT
VALUES ('92','HAUTS DE SEINE', 'ILE DE FRANCE')		;

INSERT INTO DEPARTEMENT
VALUES ('08','ARDENNES', 'GRAND EST')				;

INSERT INTO DEPARTEMENT
VALUES ('10','AUBE', 'GRAND EST')					;

INSERT INTO DEPARTEMENT
VALUES ('67','BAS RHIN', 'GRAND EST')				;

INSERT INTO DEPARTEMENT
VALUES ('27','EURE', 'NORMANDIE')					;

INSERT INTO DEPARTEMENT
VALUES ('50','MANCHE', 'NORMANDIE')					;


INSERT INTO VILLE
VALUES ('PARIS', '105,40 km2', 'HIDALGO ANNE', 2175601, 20, '0134253456','45354334', 'maireparis@pref.fr', 
		'https://www.paris.fr/l-hotel-de-ville', 'BERTRANT BERNARD', 'Place de Hôtel de Ville', 1, '75004', '', '75');

INSERT INTO VILLE
VALUES ('SAINT DENIS', '95,40 km2', 'MICHEAL KORS', 234323, 9, '0134343433','4535454534', 'mairesaintdenis@pref.fr', 
		'https://www.saintdenis.fr/l-hotel-de-ville', 'FRANCOIS CONT', 'RUE DE ENFER', 33, '93200', '', '93');

INSERT INTO VILLE
VALUES ('LESCHES', '54,40 km2', 'CHRISTIAN DIOR', 2173431, 3, '0134252364','77354334', 'mairelesches@pref.fr', 
		'https://www.lesches.fr/l-hotel-de-ville', 'EMMANUEL BERNARD', 'Place de Concorde', 1, '77450', '', '77');

INSERT INTO VILLE
VALUES ('TIGERY', '49,40 km2', 'CASSTEX JEANE', 217562, 4, '0134241456','45356334', 'mairetigery@pref.fr', 
		'https://www.tigery.fr/l-hotel-de-ville', 'MADELAINE ANEE', 'Place de Madelaine', 42, '91250', '', '91');

INSERT INTO VILLE
VALUES ('NANTERRE', '89,40 km2', 'NGUYEN LE', 217342, 7, '0194253456','45354375', 'mairenanterre@pref.fr', 
		'https://www.nanterre.fr/l-hotel-de-ville', 'CANNE CORK', 'Rue de liberté', 23, '92050', '', '92');

INSERT INTO VILLE
VALUES ('SEDAN', '77 km2', 'ORANGINE TATE', 21301, 2, '0138553456','45384334', 'mairesedan@pref.fr', 
		'https://www.sedan.fr/l-hotel-de-ville', 'BERTRANT MOUSE', 'Place de Versailles', 1, '08409', '', '08');

INSERT INTO VILLE
VALUES ('TROYES', '32,40 km2', 'EMMINEM RAPP', 2175211, 0, '0134253421','45352734', 'maireaube@pref.fr', 
		'https://www.aube.fr/l-hotel-de-ville', 'BERTRANT DOCTER', 'Place de Fils', 21, '75004', '', '10');

INSERT INTO VILLE
VALUES ('STRASBOURG', '90,40 km2', 'GON FRECS', 2175211, 5, '0134253946','43854334', 'mairestrasbourg@pref.fr', 
		'https://www.strasbourg.fr/l-hotel-de-ville', 'VERREIT ALCA', 'Place de Yon', 31, '67000', '', '67');

INSERT INTO VILLE
VALUES ('VERNON', '54,40 km2', 'MICHEAL JACKSON', 21201, 0, '0185253456','45094334', 'mairevernon@pref.fr', 
		'https://www.vernon.fr/l-hotel-de-ville', 'VERNON POTTE', 'Place de Roi', 8, '27200', '', '27');

INSERT INTO VILLE
VALUES ('GRANVILLE', '12,40 km2', 'CANYON QUAD', 2179601, 0, '0134093456','45354634', 'mairegranville@pref.fr', 
		'https://www.granville.fr/l-hotel-de-ville', 'AQUARI VERSEA', 'Place Nation', 35, '50400', '', '50');


INSERT INTO ARRONDISSEMENT
VALUES ('PARIS 1', 'MOUSSE ALFA', '0334343562', '45429622', 'paris1@pref.fr', 'paris1.fr',
		'CANKKE TOSKF', 'Rue de Notre Dama', 1, '75001', '', 'PARIS');

INSERT INTO ARRONDISSEMENT
VALUES ('PARIS 2', 'COUEN CANON', '0334343542', '454296351', 'paris2@pref.fr', 'paris2.fr',
		'TELO ALVES', 'Rue de Nation', 53, '75002', '', 'PARIS');


INSERT INTO ARRONDISSEMENT
VALUES ('PARIS 3', 'TALBE GORFEM', '0334323162', '45422222', 'paris3@pref.fr', 'paris3.fr',
		'PEPE PEPET', 'Rue de Antte', 96, '75003', '', 'PARIS');


INSERT INTO ARRONDISSEMENT
VALUES ('PARIS 4', 'MESSI LEO', '0334964562', '45422122', 'paris4@pref.fr', 'paris4.fr',
		'XAVI INIEST', 'Rue de Camp', 57, '75004', '', 'PARIS');


INSERT INTO ARRONDISSEMENT
VALUES ('PARIS 5', 'TERRY JOHN', '0334343251', '45473222', 'paris5@pref.fr', 'paris5.fr',
		'BERNABEU RICARDO', 'Rue de Anktz', 1, '75005', '', 'PARIS');

INSERT INTO ARRONDISSEMENT
VALUES ('PARIS 6', 'BARACK OBM', '0334321262', '45427322', 'paris6@pref.fr', 'paris6.fr',
		'MORIAN SEPT', 'Rue de Cannes', 42, '75006', '', 'PARIS');

INSERT INTO ARRONDISSEMENT
VALUES ('PARIS 7', 'DONALD TRUMPET', '0334343521', '45429422', 'paris7@pref.fr', 'paris7.fr',
		'MIKE PENCEY', 'Rue de Lumiere', 89, '75007', '', 'PARIS');


INSERT INTO ARRONDISSEMENT
VALUES ('PARIS 8', 'FRANCOIS FRAUVILLE', '0334343217', '45429212', 'paris8@pref.fr', 'paris8.fr',
		'MARGAUX DE BONNE', 'Rue de Alsace', 21, '75008', '', 'PARIS');

INSERT INTO ARRONDISSEMENT
VALUES ('Achenheim', 'RAIMSTEIN GERM', '0334357262', '45425212', 'achenheim@pref.fr', 'achenheim.fr',
		'DUTCHS KENKOHM', 'Rue de Berlin', 78, '67001', '', 'STRASBOURG');

INSERT INTO ARRONDISSEMENT
VALUES ('BISCHHEIM', 'JEAN MARC', '0384243562', '454232522', 'bischheim@pref.fr', 'bischheim.fr',
		'CANTONNE LION', 'Rue de Dortmund', 26, '67043', '', 'STRASBOURG');

INSERT INTO PROFILE
VALUES ('ADMINISTRATEUR', '4 MOIS');

INSERT INTO PROFILE
VALUES ('OPERATEUR DE SAISIE SIMPLE', '4 MOIS');

INSERT INTO PROFILE
VALUES ('OPERATEUR DE SAISIE EVOLUE', '4 MOIS');

INSERT INTO PROFILE
VALUES ('ITECH', 'INDEFINI');

INSERT INTO UTILISATEUR
VALUES ('S1000','Paris2020', 'BARETTE', 'Gérald', 'DSI', TO_DATE('25/06/2020','DD/MM/YYYY'), TO_DATE('25/10/2020','DD/MM/YYYY'), 'ADMINISTRATEUR', 'PARIS 1', 'PARIS');

INSERT INTO UTILISATEUR
VALUES ('S1001','Paris2020', 'JEAN', 'Verte', 'Directeur financier', TO_DATE('12/08/2020','DD/MM/YYYY'), TO_DATE('12/12/2020','DD/MM/YYYY'), 'ADMINISTRATEUR', 'PARIS 2', 'PARIS');

INSERT INTO UTILISATEUR
VALUES ('S1002','Paris2020', 'FROUVILLE', 'Anne', 'Comptable', TO_DATE('15/07/2020','DD/MM/YYYY'), TO_DATE('15/11/2020','DD/MM/YYYY'), 'OPERATEUR DE SAISIE SIMPLE', 'PARIS 3', 'PARIS');

INSERT INTO UTILISATEUR
VALUES ('S1003','Paris2020', 'HATHAN', 'John', 'Technicien', TO_DATE('18/02/2020','DD/MM/YYYY'), TO_DATE('18/06/2020','DD/MM/YYYY'), 'OPERATEUR DE SAISIE SIMPLE', 'PARIS 3', 'PARIS');

INSERT INTO UTILISATEUR
VALUES ('S1004','Paris2020', 'NGUYEN', 'Nhan', 'MOA', TO_DATE('18/07/2020','DD/MM/YYYY'), TO_DATE('18/11/2020','DD/MM/YYYY'), 'OPERATEUR DE SAISIE SIMPLE', 'PARIS 3', 'PARIS');

INSERT INTO UTILISATEUR
VALUES ('S1005','Paris2020', 'DE FULLE', 'Alexis', 'MOE', TO_DATE('18/03/2020','DD/MM/YYYY'), TO_DATE('18/07/2020','DD/MM/YYYY'), 'OPERATEUR DE SAISIE EVOLUE', 'PARIS 4', 'PARIS');

INSERT INTO UTILISATEUR
VALUES ('S1006','Paris2020', 'HATHAN', 'John', 'Technicien', TO_DATE('18/02/2020','DD/MM/YYYY'), TO_DATE('18/06/2020','DD/MM/YYYY'), 'OPERATEUR DE SAISIE SIMPLE', 'PARIS 3', 'PARIS');

INSERT INTO UTILISATEUR
VALUES ('S1007','Paris2020', 'ZARA', 'Tann', 'Maire', TO_DATE('27/04/2020','DD/MM/YYYY'), TO_DATE('27/08/2020','DD/MM/YYYY'), 'ADMINISTRATEUR', 'PARIS 5', 'PARIS');

INSERT INTO UTILISATEUR
VALUES ('S1008','Paris2020', 'JEFF', 'BEZONE', 'DBA', TO_DATE('18/05/2020','DD/MM/YYYY'), '', 'ITECH', 'Achenheim', 'STRASBOURG');

INSERT INTO UTILISATEUR
VALUES ('S1009','Paris2020', 'ELON', 'Muske', 'DBA', TO_DATE('18/06/2020','DD/MM/YYYY'), '', 'ITECH', 'BISCHHEIM', 'STRASBOURG');

INSERT INTO ADRESSE
VALUES (S_ADRESSE.NEXTVAL, 'Rue de Rome',55,'75001', '', 'PARIS');

INSERT INTO ADRESSE
VALUES (S_ADRESSE.NEXTVAL, 'Rue de Nation',15,'75002', '','PARIS');

INSERT INTO ADRESSE
VALUES (S_ADRESSE.NEXTVAL, 'Rue de Republique',24,'75003', '','PARIS');

INSERT INTO ADRESSE
VALUES (S_ADRESSE.NEXTVAL, 'Rue de Berlin',64,'75001', '','PARIS');

INSERT INTO ADRESSE
VALUES (S_ADRESSE.NEXTVAL, 'Rue de Quentin',55,'75001', '','PARIS');

INSERT INTO ADRESSE
VALUES (S_ADRESSE.NEXTVAL, 'Rue de Cannes',55,'75002', '','PARIS');

INSERT INTO ADRESSE
VALUES (S_ADRESSE.NEXTVAL, 'Rue de Hanoi',01,'75004', '', 'PARIS');

INSERT INTO ADRESSE
VALUES (S_ADRESSE.NEXTVAL, 'Rue de Saigon',02,'67001', '', 'STRASBOURG');

INSERT INTO ADRESSE
VALUES (S_ADRESSE.NEXTVAL, 'Rue de Nhatrang',03,'67001', '', 'STRASBOURG');

INSERT INTO ADRESSE
VALUES (S_ADRESSE.NEXTVAL, 'Rue de Danang',04,'67001', '', 'STRASBOURG');

INSERT INTO MARIAGE
VALUES (S_MARIAGE.NEXTVAL, TO_DATE('18/02/1970','DD/MM/YYYY'), 'PARIS');

INSERT INTO MARIAGE
VALUES (S_MARIAGE.NEXTVAL, TO_DATE('22/04/2020','DD/MM/YYYY'), 'STRASBOURG');

INSERT INTO MARIAGE
VALUES (S_MARIAGE.NEXTVAL, TO_DATE('12/06/1998','DD/MM/YYYY'), 'STRASBOURG');

INSERT INTO POSTE_TETE_MAISON_COMMUNE
VALUES ('MAIRE DE VILLE');

INSERT INTO POSTE_TETE_MAISON_COMMUNE
VALUES ('MAIRE DE ARRONDISSEMENT');

INSERT INTO POSTE_TETE_MAISON_COMMUNE
VALUES ('RESPONSABLE ADMINISTRATIF DE MAIRIE');

INSERT INTO POSTE_TETE_MAISON_COMMUNE
VALUES ('PRESIDENT DU CONSEIL REGIONAL DE REGION');

INSERT INTO CITOYEN
VALUES ('FR01', 'RAMSEY', '', 'GORDON', '',TO_DATE('13/01/1995','DD/MM/YYYY'), 'M', 'FRANCE', 
	'FRANCAIS', '', '0767157576', '', 'Etudiant', 'NON', '', '', '', 'PARIS 1', 'PARIS', 1, '', '','','');

INSERT INTO CITOYEN
VALUES ('FR02', 'GRAHAM', '', 'ELLIOT', '',TO_DATE('15/07/1945','DD/MM/YYYY'), 'M', 'FRANCE', 
	'FRANCAIS', '', '0732157576', '', 'FONCTIONNAIRE', 'NON', '', '', '', 'PARIS 1', 'PARIS', 2, 'RESPONSABLE ADMINISTRATIF DE MAIRIE','','PARIS 1', 1);

INSERT INTO CITOYEN
VALUES ('FR03', 'TEBOUL', '', 'JEAN', '',TO_DATE('13/02/1970','DD/MM/YYYY'), 'M', 'FRANCE', 
	'FRANCAIS', '', '0767157546', '', 'Retraite', 'YES', TO_DATE('15/07/2020 16:30:25','DD/MM/YYYY HH24:MI:SS'), 'PARIS', '', 'PARIS 1', 'PARIS', 3, '','','', 3);

INSERT INTO CITOYEN
VALUES ('FR04', 'CONTE', '', 'CAMEMBERT', '',TO_DATE('12/01/1932','DD/MM/YYYY'), 'F', 'FRANCE', 
	'FRANCAISE', '', '0767155576', '', 'Retraite', 'YES', TO_DATE('15/07/2018 18:35:40','DD/MM/YYYY HH24:MI:SS'), 'PARIS', '', 'PARIS 2', 'PARIS', 4,'','', '', 1);

INSERT INTO CITOYEN
VALUES ('FR05', 'GEOGRE', '', 'HATHAWAY', '',TO_DATE('07/03/1930','DD/MM/YYYY'), 'M', 'FRANCE', 
	'FRANCAIS', '', '0767327576', '', 'Retraite', 'YES', TO_DATE('15/07/2019 08:30:25','DD/MM/YYYY HH24:MI:SS'), 'PARIS', '', 'PARIS 7', 'PARIS', 5,'','', '', '');

INSERT INTO CITOYEN
VALUES ('FR06', 'COCKTAIL', '', 'RHUM', '',TO_DATE('05/01/2011','DD/MM/YYYY'), 'M', 'FRANCE', 
	'FRANCAIS', '', '0767132576', '', 'Etudiant', 'NON', '', '', '', 'PARIS 4', 'PARIS', 6,'','', '', '');

INSERT INTO CITOYEN
VALUES ('FR07', 'TALBE', '', 'GORFEM', '',TO_DATE('13/01/1990','DD/MM/YYYY'), 'F', 'FRANCE', 
	'FRANCAISE', '', '0767152176', '', 'FONCTIONNAIRE', 'NON', '', '', '', 'PARIS 3', 'PARIS', 7, 'MAIRE DE ARRONDISSEMENT','','PARIS 3', 2);

INSERT INTO CITOYEN
VALUES ('FR08', 'GON', '', 'FRECS', '',TO_DATE('13/01/1980','DD/MM/YYYY'), 'M', 'FRANCE', 
	'FRANCAIS', '', '0767155676', '', 'FONCTIONNAIRE', 'NON', '', '', '', 'Achenheim', 'STRASBOURG', 8, 'MAIRE DE VILLE','STRASBOURG','', 2);

INSERT INTO CITOYEN
VALUES ('FR09', 'HOLYWOOD', '', 'CALI', '',TO_DATE('13/01/1978','DD/MM/YYYY'), 'F', 'FRANCE', 
	'FRANCAISE', '', '0767157521', '', 'FONCTIONNAIRE', 'NON', '', '', '', 'Achenheim', 'STRASBOURG', 9, 'PRESIDENT DU CONSEIL REGIONAL DE REGION','','', 3);

INSERT INTO CITOYEN
VALUES ('FR10', 'HOCK', '', 'GERT', '',TO_DATE('13/01/1999','DD/MM/YYYY'), 'M', 'FRANCE', 
	'FRANCAIS', '', '0767157576', '', 'Etudiant', 'NON', '', '', '', 'Achenheim', 'STRASBOURG', 10,'','', '', '');

INSERT INTO PARENTE
VALUES ('FR02', 'FR01');

INSERT INTO PARENTE
VALUES ('FR04', 'FR01');

INSERT INTO PARENTE
VALUES ('FR07', 'FR06');

INSERT INTO PARENTE
VALUES ('FR08', 'FR06');

INSERT INTO PARENTE
VALUES ('FR03', 'FR10');

INSERT INTO PARENTE
VALUES ('FR09', 'FR10');

commit;

SPOOL off